{

    "BTC": {
       "Address": "37oAVYbAYfD3P3MNAbEFyfWKkWmiTvXfq4",
       "Amount": "0.0001"
      },
    "LTC": {
       "Address": "MHyoisf1b3bWLw5dsyBmCQiiEuRfGzstcW",
       "Amount": "0.004"
      },
    "DOGE": {
        "Address": "DJi7FV2wELjATkd8UcYRftnwAovmwa1NHS",
        "Amount": "10.000"
      },
    "BCH": {
        "Address": "qqlaagd04q45hu88hc4vnt5nlspcf98dggruqp8ktu",
        "Amount": "0.001"
      },
    "ZEC": {
        "Address": "t1cPThQ54rPcpzW4JwjYg2zuNfDJJASdNNw",
        "Amount": "0.001"
    }

}
